b'MacBook Pro (15-inch, 2017)';850 000 тг.;Алматы, Бостандыкский район;"https://www.olx.kz/obyavlenie/macbook-pro-15-inch-2017-IDi53zm.html#4e69331a25;promoted"
b' Apple MacBook Pro 13 Retina MUHP2 with Touch Bar 256gb 2019';690 000 тг.;Алматы, Алмалинский район;"https://www.olx.kz/obyavlenie/noutbuk-apple-macbook-pro-13-retina-muhp2-with-touch-bar-256gb-2019-IDgFoEr.html#4e69331a25;promoted"
b'Macbook Pro Retina 2017';420 000 тг.;Алматы, Медеуский район;"https://www.olx.kz/obyavlenie/macbook-pro-retina-2017-IDith8U.html#4e69331a25;promoted"
b' MacBook Pro 13 2016';335 000 тг.;Алматы, Ауэзовский район;"https://www.olx.kz/obyavlenie/prodam-macbook-pro-13-2016-IDiE2hi.html#4e69331a25;promoted"
b' MacBook        Air Pro  ';6 000 тг.;Алматы, Медеуский район;"https://www.olx.kz/obyavlenie/ot-macbook-na-lyubye-modeli-zaryadki-bloki-pitaniya-dlya-air-pro-makbuka-k-IDi3KOe.html#4e69331a25;promoted"
b'MacBook Air 13 2017';270 000 тг.;Алматы, Ауэзовский район;https://www.olx.kz/obyavlenie/macbook-air-13-2017-IDiGdZs.html#4e69331a25
b'Macbook pro 13';460 000 тг.;Алматы, Наурызбайский район;https://www.olx.kz/obyavlenie/macbook-pro-13-IDiGdO2.html#4e69331a25
b'Macbook pro 13 2017';375 000 тг.;Алматы, Бостандыкский район;https://www.olx.kz/obyavlenie/macbook-pro-13-2017-IDiGbjA.html#4e69331a25
b' Mini DP  HDMI  MacBook. !!! ';2 000 тг.;Алматы, Жетысуский район;https://www.olx.kz/obyavlenie/perehodnik-mini-dp-na-hdmi-dlya-macbook-kachestvennye-almaty-IDhVcj3.html#4e69331a25
b' Apple MacBook Pro 13 Retina MUHP2 with Touch Bar 256gb 2019';690 000 тг.;Алматы, Алмалинский район;"https://www.olx.kz/obyavlenie/noutbuk-apple-macbook-pro-13-retina-muhp2-with-touch-bar-256gb-2019-IDgFoEr.html#4e69331a25;promoted"
b'  macbook  Air  Pro     APPLE';7 999 тг.;Алматы, Медеуский район;https://www.olx.kz/obyavlenie/ot-makbuka-macbook-na-air-k-pro-zaryadnoe-ustroystvo-blok-pitaniya-apple-IDh0ygB.html#4e69331a25
b'MacBook Pro 13 Intel Core i7 processor,2018';750 000 тг.;Алматы, Алмалинский район;https://www.olx.kz/obyavlenie/macbook-pro-13-intel-core-i7-processor-2018-IDi2zvF.html#4e69331a25
b' MacBook Pro 2018 15    512 SSD';900 000 тг.;Алматы, Ауэзовский район;https://www.olx.kz/obyavlenie/prodam-macbook-pro-2018-15-s-tach-barom-512gb-ssd-IDizfKZ.html#4e69331a25
b' MacBook Pro 13 2016';335 000 тг.;Алматы, Ауэзовский район;"https://www.olx.kz/obyavlenie/prodam-macbook-pro-13-2016-IDiE2hi.html#4e69331a25;promoted"
b' HUB TYPE-C  USB 3.0  MacBook. !!! ';4 800 тг.;Алматы, Жетысуский район;https://www.olx.kz/obyavlenie/perehodnik-hub-type-c-na-usb-3-0-dlya-macbook-firmennyy-almaty-IDhVf3Z.html#4e69331a25
b'Macbook Pro Retina 2017';420 000 тг.;Алматы, Медеуский район;"https://www.olx.kz/obyavlenie/macbook-pro-retina-2017-IDith8U.html#4e69331a25;promoted"
b' Apple MacBook Air 13 2017 MQD42 Silver';389 000 тг.;Алматы, Алатауский район;https://www.olx.kz/obyavlenie/noutbuk-apple-macbook-air-13-2017-mqd42-silver-IDeeoEO.html#4e69331a25
b' macbook retina mid 2014';400 000 тг.;Алматы, Алатауский район;https://www.olx.kz/obyavlenie/prodam-macbook-retina-mid-2014-IDiG3A1.html#4e69331a25
b'MacBook Pro (15-inch, 2017)';850 000 тг.;Алматы, Бостандыкский район;"https://www.olx.kz/obyavlenie/macbook-pro-15-inch-2017-IDi53zm.html#4e69331a25;promoted"
b' Macbook air';150 000 тг.;Алматы, Бостандыкский район;https://www.olx.kz/obyavlenie/prodam-macbook-air-IDiG1f0.html#4e69331a25
b' macbook Air Pro         ';8 000 тг.;Алматы, Медеуский район;https://www.olx.kz/obyavlenie/na-macbook-air-pro-est-na-vse-modeli-bloki-pitaniya-zaryadki-dlya-makbuk-IDhSmso.html#4e69331a25
b'Macbook 12 256GB 2016';280 000 тг.;Алматы, Алмалинский район;https://www.olx.kz/obyavlenie/macbook-12-256gb-2016-IDigdkk.html#4e69331a25
b'Macbook Pro 15 mid 2010';175 000 тг.;Алматы, Ауэзовский район;https://www.olx.kz/obyavlenie/macbook-pro-15-mid-2010-IDi37ra.html#4e69331a25
b'MacBook Air 13 , ssd 256 g';95 000 тг.;Алматы, Жетысуский район;https://www.olx.kz/obyavlenie/macbook-air-13-ssd-256-g-IDiF6gQ.html#4e69331a25
b'  macbook  magsafe2       ';8 000 тг.;Алматы, Турксибский район;https://www.olx.kz/obyavlenie/ot-makbuk-macbook-dlya-magsafe2-zaryadka-blok-pitaniya-kupit-v-almaty-ot-IDh0gtx.html#4e69331a25
"b' Apple 13"" MacBook Pro Early 2020 2.0GHz/16GB/512GB SSD, SG'";905 000 тг.;Алматы, Алмалинский район;https://www.olx.kz/obyavlenie/noutbuk-apple-13-macbook-pro-early-2020-2-0ghz-16gb-512gb-ssd-sg-IDeZqCO.html#4e69331a25
b' 2020  Apple MacBook Air 13.3 MWTJ2LL/A with 256Gb SSD';540 000 тг.;Алматы, Алмалинский район;https://www.olx.kz/obyavlenie/noutbuk-2020-goda-apple-macbook-air-13-3-mwtj2ll-a-with-256gb-ssd-IDg5VUC.html#4e69331a25
b'MacBook pro 13 2019 with touch bar';615 000 тг.;Алматы, Бостандыкский район;https://www.olx.kz/obyavlenie/macbook-pro-13-2019-with-touch-bar-IDiFSZ3.html#4e69331a25
b'MACBOOK PRO13 2014 ';270 000 тг.;Алматы, Алмалинский район;https://www.olx.kz/obyavlenie/macbook-pro13-2014-goda-IDiFSIM.html#4e69331a25
b' 1226-A    MacBook Pro 13 A1278  ';15 000 тг.;Алматы, Алатауский район;https://www.olx.kz/obyavlenie/shleyfy-1226-a-na-zhestkiy-disk-macbook-pro-13-a1278-v-almaty-IDiFSpq.html#4e69331a25
b'    macbook';3 500 тг.;Алматы, Алмалинский район;https://www.olx.kz/obyavlenie/udlinitel-dlya-zaryadki-makbuk-macbook-IDeKK4g.html#4e69331a25
"b'Macbook 12"" 2016'";270 000 тг.;Алматы, Бостандыкский район;https://www.olx.kz/obyavlenie/macbook-12-2016-IDioVxM.html#4e69331a25
b' Macbook Air  ';13 000 тг.;Алматы, Бостандыкский район;https://www.olx.kz/obyavlenie/prodam-macbook-air-na-zapchasti-IDis3FU.html#4e69331a25
b'MacBook Pro';250 000 тг.;Алматы, Жетысуский район;https://www.olx.kz/obyavlenie/macbook-pro-IDidxkY.html#4e69331a25
b'MacBook Pro (15-Inc, 2018 )';727 000 тг.;Алматы, Жетысуский район;https://www.olx.kz/obyavlenie/macbook-pro-15-inc-2018-IDiEnSZ.html#4e69331a25
b' MacBook air 13';Обмен;Алматы, Алмалинский район;https://www.olx.kz/obyavlenie/prodaetsya-macbook-air-13-IDiFJtV.html#4e69331a25
b' Apple Macbook Air 13, 2015';170 000 тг.;Алматы, Бостандыкский район;https://www.olx.kz/obyavlenie/prodaetsya-apple-macbook-air-13-2015-IDivXDR.html#4e69331a25
b'   Macbook';10 000 тг.;Алматы, Алмалинский район;https://www.olx.kz/obyavlenie/prodam-sumku-ot-macbook-IDhz0Kq.html#4e69331a25
b'   MacBook  .';10 000 тг.;Алматы, Медеуский район;https://www.olx.kz/obyavlenie/termopasta-dlya-smazki-macbook-v-almaty-ID9yzyX.html#4e69331a25
b'SSD   MacBook Pro  MacBook Air  ';39 000 тг.;Алматы, Медеуский район;https://www.olx.kz/obyavlenie/ssd-diski-dlya-macbook-pro-i-macbook-air-v-almaty-ID9yBj7.html#4e69331a25
b'  SSD  iMac  MacBook? Optibay  ';5 490 тг.;Алматы, Медеуский район;https://www.olx.kz/obyavlenie/hotite-ustanovit-ssd-na-imac-ili-macbook-optibay-v-nalichii-ID9SmHT.html#4e69331a25
b'   MacBook Pro A1278  A1286  ';27 800 тг.;Алматы, Медеуский район;https://www.olx.kz/obyavlenie/operativnaya-pamyat-na-macbook-pro-a1278-i-a1286-v-almaty-ID9yzKJ.html#4e69331a25
b'     MacBook.';4 999 тг.;Алматы, Медеуский район;https://www.olx.kz/obyavlenie/zaschitnaya-silekonovaya-nakladka-na-klaviaturu-macbook-ID9NmLn.html#4e69331a25
b'USB-C  type-c   MacBook 12  MacBook Pro 2016-19.';27 990 тг.;Алматы, Медеуский район;https://www.olx.kz/obyavlenie/usb-c-ili-type-c-perehodniki-dlya-macbook-12-i-macbook-pro-2016-19-ID9NSAW.html#4e69331a25
b'MacBook Pro (15-inch, 2017)';850 000 тг.;Алматы, Бостандыкский район;"https://www.olx.kz/obyavlenie/macbook-pro-15-inch-2017-IDi53zm.html#97b6d4913e;promoted"
b' Apple MacBook Pro 13 Retina MUHP2 with Touch Bar 256gb 2019';690 000 тг.;Алматы, Алмалинский район;"https://www.olx.kz/obyavlenie/noutbuk-apple-macbook-pro-13-retina-muhp2-with-touch-bar-256gb-2019-IDgFoEr.html#97b6d4913e;promoted"
b'Macbook Pro Retina 2017';420 000 тг.;Алматы, Медеуский район;"https://www.olx.kz/obyavlenie/macbook-pro-retina-2017-IDith8U.html#97b6d4913e;promoted"
b' MacBook Pro 13 2016';335 000 тг.;Алматы, Ауэзовский район;"https://www.olx.kz/obyavlenie/prodam-macbook-pro-13-2016-IDiE2hi.html#97b6d4913e;promoted"
b' MacBook        Air Pro  ';6 000 тг.;Алматы, Медеуский район;"https://www.olx.kz/obyavlenie/ot-macbook-na-lyubye-modeli-zaryadki-bloki-pitaniya-dlya-air-pro-makbuka-k-IDi3KOe.html#97b6d4913e;promoted"
b'   MacBook Pro, MacBook Retina, MacBook Air  ';6 000 тг.;Алматы, Медеуский район;https://www.olx.kz/obyavlenie/nizhnie-nozhki-na-macbook-pro-macbook-retina-macbook-air-v-almaty-ID9yB8d.html#97b6d4913e
"b'  A1582  MacBook Pro Retina 13"" A1502'";52 000 тг.;Алматы, Медеуский район;https://www.olx.kz/obyavlenie/akkumulyatornaya-batareya-a1582-dlya-macbook-pro-retina-13-a1502-IDcQbcy.html#97b6d4913e
b'MacBook Pro/Air/Retina/Retina 2    . ';15 000 тг.;Алматы, Медеуский район;https://www.olx.kz/obyavlenie/macbook-pro-air-retina-retina-2-chehly-i-keysy-zaschitnye-original-ID9NmOd.html#97b6d4913e
b'    MacBook Pro 13 A1278  ';24 000 тг.;Алматы, Медеуский район;https://www.olx.kz/obyavlenie/shleyfy-na-zhestkiy-disk-macbook-pro-13-a1278-v-almaty-ID9yzof.html#97b6d4913e
b'     MacBook Pro / Air  ';4 999 тг.;Алматы, Алатауский район;https://www.olx.kz/obyavlenie/nakladka-s-russkimi-bukvami-na-macbook-pro-air-v-almaty-ID9JUhn.html#97b6d4913e
b',   MacBook Pro  MacBook Air  ';39 000 тг.;Алматы, Алатауский район;https://www.olx.kz/obyavlenie/batarei-akkumulyatory-na-macbook-pro-i-macbook-air-v-almaty-ID9z859.html#97b6d4913e
b'     MacBook.     ';23 000 тг.;Алматы, Алатауский район;https://www.olx.kz/obyavlenie/shleyf-dlya-zhestkogo-diska-na-macbook-esli-pokazyvaet-papka-s-voprosom-ID9yNGD.html#97b6d4913e
b'  A1496  MacBook Air 13';41 990 тг.;Алматы, Алатауский район;https://www.olx.kz/obyavlenie/akkumulyatornaya-batareya-a1496-dlya-macbook-air-13-IDcPHu0.html#97b6d4913e
b'  MacBook Pro, Retina, Air  12  . ';14 990 тг.;Алматы, Алатауский район;https://www.olx.kz/obyavlenie/chehly-dlya-macbook-pro-retina-air-i-12-v-almaty-kachestvennye-IDgMHmA.html#97b6d4913e
b'  Optibay   Apple MacBook  iMac  SSD';5 500 тг.;Алматы, Алатауский район;https://www.olx.kz/obyavlenie/v-nalichii-optibay-dlya-kompyuterov-apple-macbook-i-imac-dlya-ssd-ID9SpDh.html#97b6d4913e
b'   MacBook Pro, Air.   ';5 000 тг.;Алматы, Алатауский район;https://www.olx.kz/obyavlenie/nakladka-na-klaviaturu-macbook-pro-air-russkaya-i-angliyskaya-IDa4iUc.html#97b6d4913e
b' MacBook A1278  A1286  .';23 000 тг.;Алматы, Алатауский район;https://www.olx.kz/obyavlenie/shleyf-macbook-a1278-i-a1286-v-almaty-IDa4iYo.html#97b6d4913e
b'  MacBook Pro, Pro Retina, Air  .';59 990 тг.;Алматы, Турксибский район;https://www.olx.kz/obyavlenie/matritsy-dlya-macbook-pro-pro-retina-air-v-almaty-ID9z5zN.html#97b6d4913e
b'HUB,  USB-C  MacBook Pro 12, 13, 15 Retina. ';34 990 тг.;Алматы, Медеуский район;https://www.olx.kz/obyavlenie/hub-perehodnik-usb-c-dlya-macbook-pro-12-13-15-retina-original-ID9MmB3.html#97b6d4913e
b'Usb-c, Type-c --  MacBook 2016/2017';35 000 тг.;Алматы, Медеуский район;https://www.olx.kz/obyavlenie/usb-c-type-c-kontsentrator-adapter-perehodniki-dlya-macbook-2016-2017-IDevsVy.html#97b6d4913e
b'   (HDD) MacBook Pro 13  15  2008   ';23 990 тг.;Алматы, Турксибский район;https://www.olx.kz/obyavlenie/shleyfy-zhestkogo-diska-hdd-macbook-pro-13-i-15-s-2008-goda-v-almaty-ID9xsJP.html#97b6d4913e
b'USB-C  macbook type-c  3 usb, HDMI  usbc  ';35 000 тг.;Алматы, Алатауский район;https://www.olx.kz/obyavlenie/usb-c-kontsentrator-macbook-type-c-na-3-usb-hdmi-i-usbc-v-almaty-IDa4iQG.html#97b6d4913e
b', ,    Apple MacBook Pro Air';29 990 тг.;Алматы, Медеуский район;https://www.olx.kz/obyavlenie/batareya-akkumulyator-batareyka-dlya-noutbuka-apple-macbook-pro-air-IDicZ2J.html#97b6d4913e
b' Apple MacBook Pro 16 MVVK2 2.3/16/1tb/4gb amd rade';1 255 750 тг.;Алматы, Алмалинский район;https://www.olx.kz/obyavlenie/noutbuk-apple-macbook-pro-16dyuymov-mvvk2-2-3-16-1tb-4gb-amd-rade-IDfpdHk.html#97b6d4913e
b' Apple MacBook Pro 16 MVVJ2LL/A 2.6/16/512/4gb amd radeon';1 130 000 тг.;Алматы, Алмалинский район;https://www.olx.kz/obyavlenie/noutbuk-apple-macbook-pro-16dyuymov-mvvj2ll-a-2-6-16-512-4gb-amd-radeon-IDgmAo5.html#97b6d4913e
b'  macbook magsafe        ';8 000 тг.;Алматы, Медеуский район;https://www.olx.kz/obyavlenie/ot-makbuk-macbook-magsafe-i-na-lyubye-noutbuki-zaryadki-bloki-pitaniya-k-IDh07AT.html#97b6d4913e
b'Macbook Pro 15 / 2017 2.9GHz 4-Core i7/16GB/512GB/Radeon PRO 560 - 4GB';689 000 тг.;Алматы, Медеуский район;https://www.olx.kz/obyavlenie/macbook-pro-15-2017-2-9ghz-4-core-i7-16gb-512gb-radeon-pro-560-4gb-IDizS9X.html#97b6d4913e
b' MACBOOK          Air Pro';7 999 тг.;Алматы, Наурызбайский район;https://www.olx.kz/obyavlenie/ot-macbook-zaryadka-blok-pitaniya-kupit-v-almaty-dlya-makbuka-k-air-pro-IDgZWWK.html#97b6d4913e
b'  MacBook Pro';40 000 тг.;Алматы, Алмалинский район;https://www.olx.kz/obyavlenie/adapter-dlya-macbook-pro-IDhElmb.html#97b6d4913e
b',  MacBook Pro (15-inch, 2018) i7';750 000 тг.;Алматы, Алмалинский район;https://www.olx.kz/obyavlenie/skidka-prodam-macbook-pro-15-inch-2018-i7-IDhWTP9.html#97b6d4913e
"b"" Apple Macbook PRO 17'  2008.""";50 000 тг.;Алматы, Медеуский район;https://www.olx.kz/obyavlenie/noutbuk-apple-macbook-pro-17-diagonal-2008g-IDhC5cF.html#97b6d4913e
b'Macbook Pro mid 2014 13 512Gb/i7/16Gb   ';390 000 тг.;Алматы, Бостандыкский район;https://www.olx.kz/obyavlenie/macbook-pro-mid-2014-13-512gb-i7-16gb-v-maksimalnoy-komplektatsii-IDiFuMP.html#97b6d4913e
b' Macbook air 13 core I5 ( 2015 ,   2017)';250 000 тг.;Алматы, Турксибский район;https://www.olx.kz/obyavlenie/srochno-macbook-air-13-core-i5-model-2015-goda-kupili-v-2017-IDiCr4S.html#97b6d4913e
b'Macbook Air 13 2015 , 128   8 ';270 000 тг.;Алматы, Бостандыкский район;https://www.olx.kz/obyavlenie/macbook-air-13-2015-goda-128-gb-ozu-8-gb-IDiFtZJ.html#97b6d4913e
b'MacBook PRO 13 (2016) A1706 witch Touch Bar';500 000 тг.;Алматы, Алмалинский район;https://www.olx.kz/obyavlenie/macbook-pro-13-2016-a1706-witch-touch-bar-IDiCKWn.html#97b6d4913e
b' MACBOOK  AIR  PRO       ';8 000 тг.;Алматы, Бостандыкский район;https://www.olx.kz/obyavlenie/dlya-macbook-na-air-ili-pro-blok-pitaniya-zaryadka-adapter-k-lyuboy-modeli-IDhIMDI.html#97b6d4913e
b' Type-C  Sata 3.0 (HDD 2.5, SSD)  MacBook. ';3 400 тг.;Алматы, Алмалинский район;https://www.olx.kz/obyavlenie/perehodnik-type-c-na-sata-3-0-hdd-2-5-ssd-dlya-macbook-almaty-IDhYPys.html#97b6d4913e
b' MACBOOK    Air Pro      ';8 000 тг.;Алматы, Алатауский район;https://www.olx.kz/obyavlenie/k-macbook-na-makbuki-dlya-air-pro-zaryadka-blok-pitaniya-ot-vseh-modeley-IDh99wF.html#97b6d4913e
b'   MacBook Magsafe 1/2-45W,60W,85W ';25 000 тг.;Алматы, Алмалинский район;https://www.olx.kz/obyavlenie/adapter-pitaniya-dlya-macbook-magsafe-1-2-45w-60w-85w-original-IDelfxM.html#97b6d4913e
b'   Apple MacBook USB-C  18w/30w/61w/87w';25 000 тг.;Алматы, Алмалинский район;https://www.olx.kz/obyavlenie/adapter-pitaniya-dlya-apple-macbook-usb-c-moschnostyu-18w-30w-61w-87w-IDelfe6.html#97b6d4913e
b'Macbook';180 000 тг.;Алматы, Алмалинский район;https://www.olx.kz/obyavlenie/macbook-IDiFkcj.html#97b6d4913e
b'Macbook air 13 2017mid 500gb  2018';360 000 тг.;Алматы, Ауэзовский район;https://www.olx.kz/obyavlenie/macbook-air-13-2017mid-500gb-kuplen-2018-IDi0Vvx.html#97b6d4913e
b'MacBook Pro (Retina, 13-inch, Mid 2014)';200 000 тг.;Алматы, Медеуский район;https://www.olx.kz/obyavlenie/macbook-pro-retina-13-inch-mid-2014-IDiFhLD.html#97b6d4913e
b'Macbook Air (  2017) -  ';260 000 тг.;Алматы, Алатауский район;https://www.olx.kz/obyavlenie/macbook-air-kuplen-v-2017-bez-torga-IDiFfJd.html#97b6d4913e
b'MacBook Pro (15-inch, 2017)';850 000 тг.;Алматы, Бостандыкский район;"https://www.olx.kz/obyavlenie/macbook-pro-15-inch-2017-IDi53zm.html#ca1e374241;promoted"
b' Mac-Book     Air Pro   magsafe type-c';5 999 тг.;Алматы, Медеуский район;"https://www.olx.kz/obyavlenie/ot-mac-book-zaryadki-bloki-pitaniya-dlya-air-pro-makbuka-k-magsafe-type-c-IDiqY0s.html#ca1e374241;promoted"
b' Apple MacBook Pro 13 Retina MUHP2 with Touch Bar 256gb 2019';690 000 тг.;Алматы, Алмалинский район;"https://www.olx.kz/obyavlenie/noutbuk-apple-macbook-pro-13-retina-muhp2-with-touch-bar-256gb-2019-IDgFoEr.html#ca1e374241;promoted"
b'Macbook Pro Retina 2017';420 000 тг.;Алматы, Медеуский район;"https://www.olx.kz/obyavlenie/macbook-pro-retina-2017-IDith8U.html#ca1e374241;promoted"
b' MacBook        Air Pro  ';6 000 тг.;Алматы, Медеуский район;"https://www.olx.kz/obyavlenie/ot-macbook-na-lyubye-modeli-zaryadki-bloki-pitaniya-dlya-air-pro-makbuka-k-IDi3KOe.html#ca1e374241;promoted"
b'MacBook Air 13 , ssd 256 g , 2010 ';85 000 тг.;Алматы, Турксибский район;https://www.olx.kz/obyavlenie/macbook-air-13-ssd-256-g-2010-g-IDiFcU9.html#ca1e374241
b' MACBOOK         ';8 000 тг.;Алматы, Медеуский район;https://www.olx.kz/obyavlenie/ot-macbook-na-makbuk-zaryadnoe-ustroystvo-blok-pitaniya-zaryadka-v-almaty-IDgZ5nC.html#ca1e374241
b' MACBOOK    45 | 60 | 85 W  Air Pro  ';7 999 тг.;Алматы, Жетысуский район;https://www.olx.kz/obyavlenie/na-macbook-s-magnitnym-razemom-45-60-85-w-ot-air-pro-blok-pitaniya-IDh8Px9.html#ca1e374241
b'       MACBOOK   ';7 990 тг.;Алматы, Медеуский район;https://www.olx.kz/obyavlenie/zaryadnoe-ustroystvo-blok-pitaniya-zaryadka-na-makbuk-macbook-v-almaty-ot-IDgZqRW.html#ca1e374241
"b' Macbook Pro 2018 15"", 32GB RAM, 512 SSD, Radeon 560X 4GB'";999 990 тг.;Алматы, Медеуский район;https://www.olx.kz/obyavlenie/prodam-macbook-pro-2018-15-32gb-ram-512-ssd-radeon-560x-4gb-IDiF8j0.html#ca1e374241
b'MacBook air 13     ';218 000 тг.;Алматы, Бостандыкский район;https://www.olx.kz/obyavlenie/macbook-air-13-v-novom-sostoyanii-v-korobke-IDiF7fk.html#ca1e374241
b'  Macbook magsafe. ';11 000 тг.;Алматы, Медеуский район;https://www.olx.kz/obyavlenie/zaryadnoe-ustroystva-macbook-magsafe-original-IDiF6Xk.html#ca1e374241
b'Macbook Pro 15 2011 Core i7';180 000 тг.;Алматы, Ауэзовский район;https://www.olx.kz/obyavlenie/macbook-pro-15-2011-core-i7-IDiF4C8.html#ca1e374241
b'   MacBook Pro/Air/IMac  ';3 000 тг.;Алматы, Алмалинский район;https://www.olx.kz/obyavlenie/silikonovye-nakladki-na-macbook-pro-air-imac-vse-modeli-IDdBxQq.html#ca1e374241
b' MacBook Air Gold 128';500 000 тг.;Алматы, Бостандыкский район;https://www.olx.kz/obyavlenie/prodam-macbook-air-gold-128-IDiF3jD.html#ca1e374241
b'Macbook pro 13 2012 core i5 4gb ram  ';145 000 тг.;Алматы, Медеуский район;https://www.olx.kz/obyavlenie/macbook-pro-13-2012-core-i5-4gb-ram-makbuk-prodam-IDiF1Js.html#ca1e374241
b'macbook pro mid 2012';150 000 тг.;Алматы, Жетысуский район;https://www.olx.kz/obyavlenie/macbook-pro-mid-2012-IDiF0Dq.html#ca1e374241
b'MacBook Air 13 2015 (i5 1.6Ghz, 4Gb, 120 Gb SSD)';240 000 тг.;Алматы, Алмалинский район;https://www.olx.kz/obyavlenie/macbook-air-13-2015-i5-1-6ghz-4gb-120-gb-ssd-IDiF02d.html#ca1e374241
b'Macbook Air   ';220 000 тг.;Алматы, Медеуский район;https://www.olx.kz/obyavlenie/macbook-air-v-super-sostoyanii-IDimMoO.html#ca1e374241
b'Macbook Air 760/RSA';230 000 тг.;Алматы, Медеуский район;https://www.olx.kz/obyavlenie/macbook-air-760-rsa-IDhH673.html#ca1e374241
b' Mac-Book     Air Pro   magsafe type-c';5 999 тг.;Алматы, Медеуский район;"https://www.olx.kz/obyavlenie/ot-mac-book-zaryadki-bloki-pitaniya-dlya-air-pro-makbuka-k-magsafe-type-c-IDiqY0s.html#ca1e374241;promoted"
b' Mac-Book       Air Pro  ';2 999 тг.;Алматы, Медеуский район;https://www.olx.kz/obyavlenie/na-mac-book-i-noutbuki-zaryadki-bloki-pitaniya-dlya-air-pro-makbuka-k-IDiqY1D.html#ca1e374241
b'  macbook';300 000 тг.;Алматы, Ауэзовский район;https://www.olx.kz/obyavlenie/obmen-na-macbook-IDizf1B.html#ca1e374241
b'  HyperDrive  MacBook Pro, iPad Pro, surface, 9 ';70 000 тг.;Алматы, Алмалинский район;https://www.olx.kz/obyavlenie/dok-stantsiya-hyperdrive-dlya-macbook-pro-ipad-pro-surface-9-interfeys-IDhJI0n.html#ca1e374241
b'  MacBook/ ';3 500 тг.;Алматы, Алмалинский район;https://www.olx.kz/obyavlenie/chehly-na-macbook-makbuk-IDiwI0U.html#ca1e374241
b' MAC-BOOK         ';8 000 тг.;Алматы, Медеуский район;https://www.olx.kz/obyavlenie/ot-mac-book-zaryadnoe-ustroystvo-blok-pitaniya-dlya-zaryadki-na-raznye-mod-IDhzdgy.html#ca1e374241
"b"" Apple MacBook Pro 15'' 17 Retina WithTouchBar 512gb SpaceGray""";920 000 тг.;Алматы, Алатауский район;https://www.olx.kz/obyavlenie/noutbuk-apple-macbook-pro-15-17-retina-withtouchbar-512gb-spacegray-IDgw67e.html#ca1e374241
b'Macbook air 2017 ';280 000 тг.;Алматы, Алатауский район;https://www.olx.kz/obyavlenie/macbook-air-2017-goda-IDiETql.html#ca1e374241
b'MacBook Pro   ';140 000 тг.;Алматы, Алатауский район;https://www.olx.kz/obyavlenie/macbook-pro-v-otlichnom-sostoyanii-IDiETk3.html#ca1e374241
b' macbook air 13';195 000 тг.;Алматы, Жетысуский район;https://www.olx.kz/obyavlenie/prodam-macbook-air-13-IDiET6y.html#ca1e374241
b'thunderbolt 3 usb-c   macbook';8 500 тг.;Алматы, Медеуский район;https://www.olx.kz/obyavlenie/thunderbolt-3-usb-c-adapter-dlya-macbook-IDiESeQ.html#ca1e374241
b'Macbook Air  Pro';500 000 тг.;Алматы, Жетысуский район;https://www.olx.kz/obyavlenie/macbook-air-i-pro-IDiq6A1.html#ca1e374241
b'MacBook Air 13 2017 A1466';350 000 тг.;Алматы, Бостандыкский район;https://www.olx.kz/obyavlenie/macbook-air-13-2017-a1466-IDiEOe7.html#ca1e374241
b' macbook pro 15 early 2013 a1398 retina';45 000 тг.;Алматы, Медеуский район;https://www.olx.kz/obyavlenie/zapchasti-macbook-pro-15-early-2013-a1398-retina-IDiEJ78.html#ca1e374241
b'Macbook pro 15 early 2013 retina 256';149 000 тг.;Алматы, Медеуский район;https://www.olx.kz/obyavlenie/macbook-pro-15-early-2013-retina-256-IDiEJ4x.html#ca1e374241
b'MacBook Pro 13';230 000 тг.;Алматы, Наурызбайский район;https://www.olx.kz/obyavlenie/macbook-pro-13-IDiEH23.html#ca1e374241
b' Macbook Air';200 000 тг.;Алматы, Алмалинский район;https://www.olx.kz/obyavlenie/prodayu-macbook-air-IDiEDcx.html#ca1e374241
b'Macbook 12 512Gb Gold';110 000 тг.;Алматы, Жетысуский район;https://www.olx.kz/obyavlenie/macbook-12-512gb-gold-IDiEBEc.html#ca1e374241
b'  Apple  MacBook, !!!';7 000 тг.;Алматы, Алмалинский район;https://www.olx.kz/obyavlenie/internet-perehodnik-apple-na-macbook-original-IDiEyO0.html#ca1e374241
b'  Apple MacBook Pro';265 000 тг.;Алматы, Бостандыкский район;https://www.olx.kz/obyavlenie/prodam-noutbuk-apple-macbook-pro-IDfOTqv.html#ca1e374241
b' Mac-book     Air Pro 45/60/85w Magsafe2 -';8 000 тг.;Алматы, Медеуский район;https://www.olx.kz/obyavlenie/ot-mac-book-blok-pitaniya-zaryadka-na-air-pro-45-60-85w-magsafe2-mak-buk-IDgOp7k.html#ca1e374241
b'MacBook Air 2012/2013   :1466';5 000 тг.;Алматы, Алмалинский район;https://www.olx.kz/obyavlenie/macbook-air-2012-2013-po-zapchastyam-model1466-IDfGmbk.html#ca1e374241
b'Macbook Pro 13 retina 256GB (early 2015)';260 000 тг.;Алматы, Медеуский район;https://www.olx.kz/obyavlenie/macbook-pro-13-retina-256gb-early-2015-IDiEtDK.html#ca1e374241
"b'Apple MacBook Pro 13"" MC724LL/A 2.7GHz Core i7 8GB 512GB'";160 000 тг.;Алматы, Турксибский район;https://www.olx.kz/obyavlenie/apple-macbook-pro-13-mc724ll-a-2-7ghz-core-i7-8gb-512gb-IDiD7mN.html#ca1e374241
b'MacBook Pro (15-inch, 2017)';850 000 тг.;Алматы, Бостандыкский район;"https://www.olx.kz/obyavlenie/macbook-pro-15-inch-2017-IDi53zm.html#9059bf6054;promoted"
b' Mac-Book     Air Pro   magsafe type-c';5 999 тг.;Алматы, Медеуский район;"https://www.olx.kz/obyavlenie/ot-mac-book-zaryadki-bloki-pitaniya-dlya-air-pro-makbuka-k-magsafe-type-c-IDiqY0s.html#9059bf6054;promoted"
b' Apple MacBook Pro 13 Retina MUHP2 with Touch Bar 256gb 2019';690 000 тг.;Алматы, Алмалинский район;"https://www.olx.kz/obyavlenie/noutbuk-apple-macbook-pro-13-retina-muhp2-with-touch-bar-256gb-2019-IDgFoEr.html#9059bf6054;promoted"
b'Macbook Pro Retina 2017';420 000 тг.;Алматы, Медеуский район;"https://www.olx.kz/obyavlenie/macbook-pro-retina-2017-IDith8U.html#9059bf6054;promoted"
b' MacBook Pro 13 2016';335 000 тг.;Алматы, Ауэзовский район;"https://www.olx.kz/obyavlenie/prodam-macbook-pro-13-2016-IDiE2hi.html#9059bf6054;promoted"
b'MacBook Pro 13  Touch Bar 256Gb Space Gray / 2019 ';640 000 тг.;Алматы, Бостандыкский район;https://www.olx.kz/obyavlenie/macbook-pro-13-s-touch-bar-256gb-space-gray-2019-goda-IDi0Esi.html#9059bf6054
b'MacBook Air, Pro.  12 . .  , .';10 900 тг.;Алматы, Ауэзовский район;https://www.olx.kz/obyavlenie/macbook-air-pro-garantiya-12-mes-otpravka-bloki-pitaniya-zaryadki-IDiEnDG.html#9059bf6054
b'  24  1.  .    MacBook.';2 800 тг.;Алматы, Бостандыкский район;https://www.olx.kz/obyavlenie/nabor-otvertok-24-v-1-multi-otvertka-otvertki-dlya-remonta-macbook-IDiElXC.html#9059bf6054
"b'MacBook Air,   13""-14""'";215 000 тг.;Алматы, Наурызбайский район;https://www.olx.kz/obyavlenie/macbook-air-diagonal-ekrana-13-14-IDh4oql.html#9059bf6054
b'MacBook Air 13';90 000 тг.;Алматы, Жетысуский район;https://www.olx.kz/obyavlenie/macbook-air-13-IDiEiwl.html#9059bf6054
b' 2020  Apple MacBook Air 13.3 MVH22LL/A with 512Gb SSD';690 000 тг.;Алматы, Алмалинский район;https://www.olx.kz/obyavlenie/noutbuk-2020-goda-apple-macbook-air-13-3-mvh22ll-a-with-512gb-ssd-IDfX4sk.html#9059bf6054
b'   macbook       ';8 000 тг.;Алматы, Медеуский район;https://www.olx.kz/obyavlenie/dlya-makbukov-na-macbook-ot-vseh-modeley-zaryadki-bloki-pitaniya-raznye-IDh7Ck5.html#9059bf6054
b' MacBook Pro 13';300 000 тг.;Алматы, Жетысуский район;https://www.olx.kz/obyavlenie/prodam-macbook-pro-13-IDiEgN2.html#9059bf6054
b'Macbook Pro 13 2017';Обмен;Алматы, Жетысуский район;https://www.olx.kz/obyavlenie/macbook-pro-13dyum-2017-IDiy04t.html#9059bf6054
b'Macbook Pro 13,3 MID2014/RETINA/850 ';250 000 тг.;Алматы, Бостандыкский район;https://www.olx.kz/obyavlenie/macbook-pro-13-3-mid2014-retina-850-tsiklov-IDiEe46.html#9059bf6054
b' A1405  Macbook Air Battary';5 000 тг.;Алматы, Медеуский район;https://www.olx.kz/obyavlenie/batareya-a1405-makbuk-macbook-air-battary-IDiE6Zi.html#9059bf6054
b'MacBook Air 13,3 (8/128) :2017  8/128';330 000 тг.;Алматы, Ауэзовский район;https://www.olx.kz/obyavlenie/macbook-air-13-3-8-128-god2017-pamyat-8-128-IDiE505.html#9059bf6054
b'Macbook pro 13 touch bar 256Gb';579 990 тг.;Алматы, Медеуский район;https://www.olx.kz/obyavlenie/macbook-pro-13-touch-bar-256gb-IDiDgLV.html#9059bf6054
b'  Asus Apple macbook        ';2 100 тг.;Алматы, Турксибский район;https://www.olx.kz/obyavlenie/na-noutbuki-asus-apple-macbook-i-ot-drugih-zaryadki-bloki-pitaniya-dlya-k-IDhp6uY.html#9059bf6054
b'-   Mac-Book Air Pro  45/60/85w  magsafe 2';8 000 тг.;Алматы, Медеуский район;https://www.olx.kz/obyavlenie/zaryadka-blok-pitaniya-na-mac-book-air-pro-ot-45-60-85w-razem-magsafe-2-IDgNTIR.html#9059bf6054
b'Macbook air 13 2013';210 000 тг.;Алматы, Алмалинский район;https://www.olx.kz/obyavlenie/macbook-air-13-2013-IDhhIKl.html#9059bf6054
b'MacBook Pro 15, 2014mid';410 000 тг.;Алматы, Ауэзовский район;https://www.olx.kz/obyavlenie/macbook-pro-15-2014mid-IDig7iZ.html#9059bf6054
b'Macbook Pro 13 touch bar 128gb (mid 2019)';550 000 тг.;Алматы, Бостандыкский район;https://www.olx.kz/obyavlenie/macbook-pro-13-touch-bar-128gb-mid-2019-IDiDZUM.html#9059bf6054
b'MacBook Air mid 2011';150 000 тг.;Алматы, Медеуский район;https://www.olx.kz/obyavlenie/macbook-air-mid-2011-IDiDV7Y.html#9059bf6054
b'Macbook Pro 15 2011 Core i7';180 000 тг.;Алматы, Ауэзовский район;https://www.olx.kz/obyavlenie/macbook-pro-15-2011-core-i7-IDiDWS1.html#9059bf6054
"b' Apple 13"" MacBook Pro Early 2020 2.0GHz/16GB/1Tb SSD, SG'";990 000 тг.;Алматы, Алмалинский район;https://www.olx.kz/obyavlenie/noutbuk-apple-13-macbook-pro-early-2020-2-0ghz-16gb-1tb-ssd-sg-IDhkWpz.html#9059bf6054
b'  macbook air mini';3 000 тг.;Алматы, Алатауский район;https://www.olx.kz/obyavlenie/chehol-dlya-macbook-air-mini-IDiDRAG.html#9059bf6054
b' Apple MacBook Air 13 A1369, A1466, 2010.-2017.';50 000 тг.;Алматы, Алмалинский район;https://www.olx.kz/obyavlenie/displey-apple-macbook-air-13-a1369-a1466-2010g-2017gg-IDi8fWZ.html#9059bf6054
b' Mac-Book  Samsung Acer        ';4 000 тг.;Алматы, Медеуский район;https://www.olx.kz/obyavlenie/ot-mac-book-k-samsung-acer-i-na-dr-noutbuki-zaryadki-bloki-pitaniya-shnur-IDhoLSI.html#9059bf6054
b' / Dell Inspiron 15 7567   Macbook air 2017  ';250 000 тг.;Алматы, Жетысуский район;https://www.olx.kz/obyavlenie/prodam-b-u-dell-inspiron-15-7567-ili-obmen-macbook-air-2017-s-doplatoy-IDiDMsy.html#9059bf6054
b' MACBOOK           ';3 000 тг.;Алматы, Медеуский район;https://www.olx.kz/obyavlenie/na-macbook-i-ot-noutbukov-raznye-bloki-pitaniya-zaryadki-v-almaty-dlya-k-IDgXdtB.html#9059bf6054
b'* MACBOOK  AIR/PRO       ';8 000 тг.;Алматы, Медеуский район;https://www.olx.kz/obyavlenie/na-macbook-dlya-air-pro-zaryadki-bloki-pitaniya-adaptery-ot-vseh-modeley-IDhGv19.html#9059bf6054
b'MacBook Pro 13 2017 MPXW2 Space Gray';730 000 тг.;Алматы, Алмалинский район;https://www.olx.kz/obyavlenie/macbook-pro-13-2017-mpxw2-space-gray-IDid2Cx.html#9059bf6054
b'MacBook Pro 15 Retina Mid 2014 ( )';415 000 тг.;Алматы, Бостандыкский район;https://www.olx.kz/obyavlenie/macbook-pro-15-retina-mid-2014-odin-vladelets-IDia6p1.html#9059bf6054
b'Apple MacBook Air - 128 ';410 000 тг.;Алматы, Алмалинский район;https://www.olx.kz/obyavlenie/apple-macbook-air-128-gb-IDip1zR.html#9059bf6054
b'Macbook     ';150 000 тг.;Алматы, Медеуский район;https://www.olx.kz/obyavlenie/macbook-prodam-ili-obmen-na-moto-IDiDzMX.html#9059bf6054
b'MacBook Pro';200 000 тг.;Алматы, Медеуский район;https://www.olx.kz/obyavlenie/macbook-pro-IDiDykD.html#9059bf6054
b'Macbook pro 15, 512gb, 2017';750 000 тг.;Алматы, Медеуский район;https://www.olx.kz/obyavlenie/macbook-pro-15-512gb-2017-IDiDvS2.html#9059bf6054
b' /   Apple MacBook pro 2017 13-inch. . ';5 000 тг.;Алматы, Алмалинский район;https://www.olx.kz/obyavlenie/korobka-upakovka-ot-apple-macbook-pro-2017-13-inch-makbuk-almaty-IDil2ZI.html#9059bf6054
b'  Mac-book          ';7 999 тг.;Алматы, Медеуский район;https://www.olx.kz/obyavlenie/na-vse-mac-book-i-ot-drugih-noutov-est-raznye-zaryadki-bloki-pitaniya-k-IDgN30c.html#9059bf6054
b'   MacBook  Air Pro     ';7 999 тг.;Алматы, Жетысуский район;https://www.olx.kz/obyavlenie/na-makbuk-dlya-macbook-ot-air-pro-zaryadka-blok-pitaniya-zaryadnik-adapter-IDhoiIZ.html#9059bf6054
b'       macbook  Type-C | -';11 000 тг.;Алматы, Жетысуский район;https://www.olx.kz/obyavlenie/zaryadka-blok-pitaniya-ot-noutbukov-i-na-macbook-razem-type-c-tayp-si-IDhfFv9.html#9059bf6054
b'      -  MAC-BOOK';8 000 тг.;Алматы, Жетысуский район;https://www.olx.kz/obyavlenie/zaryadnoe-ustroystvo-blok-pitaniya-zaryadnik-na-mak-buki-ot-mac-book-IDhfAtB.html#9059bf6054
b'apple MacBook Pro 2017';380 000 тг.;Алматы, Ауэзовский район;https://www.olx.kz/obyavlenie/apple-macbook-pro-2017-IDifMIa.html#9059bf6054
b'MacBook Pro (15-inch, 2017)';850 000 тг.;Алматы, Бостандыкский район;"https://www.olx.kz/obyavlenie/macbook-pro-15-inch-2017-IDi53zm.html#312694a3a8;promoted"
b' Mac-Book     Air Pro   magsafe type-c';5 999 тг.;Алматы, Медеуский район;"https://www.olx.kz/obyavlenie/ot-mac-book-zaryadki-bloki-pitaniya-dlya-air-pro-makbuka-k-magsafe-type-c-IDiqY0s.html#312694a3a8;promoted"
b' Apple MacBook Pro 13 Retina MUHP2 with Touch Bar 256gb 2019';690 000 тг.;Алматы, Алмалинский район;"https://www.olx.kz/obyavlenie/noutbuk-apple-macbook-pro-13-retina-muhp2-with-touch-bar-256gb-2019-IDgFoEr.html#312694a3a8;promoted"
b'Macbook Pro Retina 2017';420 000 тг.;Алматы, Медеуский район;"https://www.olx.kz/obyavlenie/macbook-pro-retina-2017-IDith8U.html#312694a3a8;promoted"
b' MacBook        Air Pro  ';6 000 тг.;Алматы, Медеуский район;"https://www.olx.kz/obyavlenie/ot-macbook-na-lyubye-modeli-zaryadki-bloki-pitaniya-dlya-air-pro-makbuka-k-IDi3KOe.html#312694a3a8;promoted"
b'Macbook pro 2017  13 ';395 000 тг.;Алматы, Бостандыкский район;https://www.olx.kz/obyavlenie/macbook-pro-2017-goda-13-dyuymov-IDi2OjY.html#312694a3a8
b'Macbook aluminium 2008   ';Обмен;Алматы, Медеуский район;https://www.olx.kz/obyavlenie/macbook-aluminium-2008-displey-ne-rabochiy-IDiDgTe.html#312694a3a8
b'        MacBook Aip Pro magsafe2 ';8 000 тг.;Алматы, Медеуский район;https://www.olx.kz/obyavlenie/v-almaty-ot-makbuka-zaryadka-blok-pitaniya-na-macbook-aip-pro-magsafe2-k-IDgVBKF.html#312694a3a8
b'! Magic mouse  iMac, MacBook';25 000 тг.;Алматы, Медеуский район;https://www.olx.kz/obyavlenie/skidka-magic-mouse-dlya-imac-macbook-IDiD8zn.html#312694a3a8
b'  Macbook air 13 2017';330 000 тг.;Алматы, Жетысуский район;https://www.olx.kz/obyavlenie/prodam-srochno-macbook-air-13-2017-IDiD7dU.html#312694a3a8
b'  case  Macbook Pro 15 inch';1 900 тг.;Алматы, Медеуский район;https://www.olx.kz/obyavlenie/chehol-keys-case-dlya-macbook-pro-15-inch-IDi6F0n.html#312694a3a8
b'   Apple Macbook Air 13 A1466 Original';90 000 тг.;Алматы, Медеуский район;https://www.olx.kz/obyavlenie/ekran-v-sbore-apple-macbook-air-13-a1466-original-IDf5n3Y.html#312694a3a8
"b'Apple MacBook Pro 16"" 8 Core i9 2,3 , 16Gb, 1 B SSD, Space Gray'";1 331 000 тг.;Алматы, Алмалинский район;https://www.olx.kz/obyavlenie/apple-macbook-pro-16-8-core-i9-2-3-ggts-16gb-1-tb-ssd-space-gray-IDiBZS8.html#312694a3a8
b'    HP ASUS ACER LENOVO DELL MacBook';8 000 тг.;Алматы, Алмалинский район;https://www.olx.kz/obyavlenie/batareya-akkumulyatory-dlya-noutbukov-hp-asus-acer-lenovo-dell-macbook-IDgqeMZ.html#312694a3a8
b'MacBook Pro';250 000 тг.;Алматы, Алмалинский район;https://www.olx.kz/obyavlenie/macbook-pro-IDiwlvS.html#312694a3a8
b'MacBook air 13    ';220 000 тг.;Алматы, Бостандыкский район;https://www.olx.kz/obyavlenie/macbook-air-13-kak-novyy-polnyy-komplekt-IDiD27Y.html#312694a3a8
b'Apple MacBook , ';9 500 тг.;Алматы, Алмалинский район;https://www.olx.kz/obyavlenie/apple-macbook-adapter-zaryadka-IDedrra.html#312694a3a8
b'MacBook Air 256 gb 13 2015';260 000 тг.;Алматы, Медеуский район;https://www.olx.kz/obyavlenie/macbook-air-256-gb-13-2015-IDgD68C.html#312694a3a8
"b'Apple MacBook Pro 15"" MPTX2 Silver (Mid 2017)'";850 000 тг.;Алматы, Алмалинский район;https://www.olx.kz/obyavlenie/apple-macbook-pro-15-mptx2-silver-mid-2017-IDiloAQ.html#312694a3a8
b'MacBook Pro 13, 2017 ';400 000 тг.;Алматы, Ауэзовский район;https://www.olx.kz/obyavlenie/macbook-pro-13-2017-goda-IDi6anP.html#312694a3a8
b'MacBook Pro';180 000 тг.;Алматы, Алмалинский район;https://www.olx.kz/obyavlenie/macbook-pro-IDi6IhJ.html#312694a3a8
b'   Air,Pro macsafe, magsafe   Macbook';6 999 тг.;Алматы, Медеуский район;https://www.olx.kz/obyavlenie/zaryadka-na-makbuk-air-pro-macsafe-magsafe-zaryadnoe-ustroystvo-macbook-IDeJAmv.html#312694a3a8
b'  Razer Blade Pro - Macbook Pro  ';750 000 тг.;Алматы, Алмалинский район;https://www.olx.kz/obyavlenie/unikalnyy-noutbuk-razer-blade-pro-macbook-pro-na-maksimalkah-IDhQC7Z.html#312694a3a8
"b'MacBook Pro 13"" 2017 128gb Space Gray'";470 000 тг.;Алматы, Бостандыкский район;https://www.olx.kz/obyavlenie/macbook-pro-13-2017g-128gb-space-gray-IDi0pxv.html#312694a3a8
b' MacBook';35 000 тг.;Алматы, Медеуский район;https://www.olx.kz/obyavlenie/prodam-macbook-IDis6Bz.html#312694a3a8
b' MacBook Air 13 2017  130 !!';330 000 тг.;Алматы, Наурызбайский район;https://www.olx.kz/obyavlenie/prodayu-macbook-air-13-2017-goda-130-tsiklov-IDiCSmH.html#312694a3a8
b' MacBook Pro 13';600 000 тг.;Алматы, Алмалинский район;https://www.olx.kz/obyavlenie/prodam-macbook-pro-13-IDhQ6gM.html#312694a3a8
b' Macbook Air 13';60 000 тг.;Алматы, Бостандыкский район;https://www.olx.kz/obyavlenie/prodam-macbook-air-13-IDivAZ7.html#312694a3a8
b' Macbook Pro 13 2019  Touch Bar';530 000 тг.;Алматы, Алмалинский район;https://www.olx.kz/obyavlenie/novyy-macbook-pro-13-2019-goda-touch-bar-IDiuLSR.html#312694a3a8
"b""Macbook Pro 13'' 2015""";269 000 тг.;Алматы, Бостандыкский район;https://www.olx.kz/obyavlenie/macbook-pro-13-2015-IDifJOy.html#312694a3a8
b'Usb-c, Type-c -  MacBook 2016-2019';12 000 тг.;Алматы, Алмалинский район;https://www.olx.kz/obyavlenie/usb-c-type-c-kontsentrator-adapter-dlya-macbook-2016g-2019g-IDdByiM.html#312694a3a8
b' --   MacBook   ';5 200 тг.;Алматы, Медеуский район;https://www.olx.kz/obyavlenie/zaryadnoe-ustroystvo-adapter-blok-pitaniya-na-macbook-zaryadka-ot-makbuka-IDgB9lK.html#312694a3a8
b'    MacBook Air Pro    magsafe 1  2';8 000 тг.;Алматы, Ауэзовский район;https://www.olx.kz/obyavlenie/zaryadka-blok-pitaniya-dlya-macbook-air-pro-ot-makbuka-na-magsafe-1-i-2-IDgWC7e.html#312694a3a8
b' MACBOOK  -       ';8 000 тг.;Алматы, Медеуский район;https://www.olx.kz/obyavlenie/k-macbook-ot-mak-bukov-na-raznye-modeli-zaryadkv-blok-pitaniya-zaryadnik-IDh54uK.html#312694a3a8
b'MAC-BOOK   AIR  Pro      APPLE';7 999 тг.;Алматы, Медеуский район;https://www.olx.kz/obyavlenie/mac-book-na-makbuk-air-i-pro-zaryadnoe-ustroystvo-blok-pitaniya-ot-apple-IDhev64.html#312694a3a8
b' MacBook Air 11';190 000 тг.;Алматы, Бостандыкский район;https://www.olx.kz/obyavlenie/prodam-macbook-air-11-IDhVoaM.html#312694a3a8
b'Apple MacBook Air 13 2019 MVFH2 128GB ';530 000 тг.;Алматы, Алмалинский район;https://www.olx.kz/obyavlenie/apple-macbook-air-13-2019-mvfh2-128gb-seryy-IDiCA4U.html#312694a3a8
b'    MacBook Pro Retina13  1502';2 500 тг.;Алматы, Алмалинский район;https://www.olx.kz/obyavlenie/chehol-na-makbuk-na-macbook-pro-retina13-model-a1502-IDhXFno.html#312694a3a8
b'  Apple Macbook 12';5 000 тг.;Алматы, Жетысуский район;https://www.olx.kz/obyavlenie/chehol-dlya-apple-macbook-12-IDhFjfL.html#312694a3a8
b'Apple MacBook Air 13 2017';400 000 тг.;Алматы, Медеуский район;https://www.olx.kz/obyavlenie/apple-macbook-air-13-2017g-IDiCyN7.html#312694a3a8
b'Macbook Pro 13, 2018 ';800 000 тг.;Алматы, Алатауский район;https://www.olx.kz/obyavlenie/macbook-pro-13-2018-goda-IDhVtHZ.html#312694a3a8
b'Macbook pro 16';737 000 тг.;Алматы, Бостандыкский район;https://www.olx.kz/obyavlenie/macbook-pro-16-IDiCxDg.html#312694a3a8
b'  MACBOOK       APPLE';8 000 тг.;Алматы, Медеуский район;https://www.olx.kz/obyavlenie/zaryadka-na-macbook-ot-makbukov-zaryadnoe-ustroystvo-blok-pitaniya-apple-IDh4L9K.html#312694a3a8
b' MacBook Air 13 2017 A1466';313 000 тг.;Алматы, Ауэзовский район;https://www.olx.kz/obyavlenie/prodam-macbook-air-13-2017-a1466-IDiCpRY.html#312694a3a8
b'MacBook Pro (15-inch, 2017)';850 000 тг.;Алматы, Бостандыкский район;"https://www.olx.kz/obyavlenie/macbook-pro-15-inch-2017-IDi53zm.html#ab8d1684f6;promoted"
b' Mac-Book     Air Pro   magsafe type-c';5 999 тг.;Алматы, Медеуский район;"https://www.olx.kz/obyavlenie/ot-mac-book-zaryadki-bloki-pitaniya-dlya-air-pro-makbuka-k-magsafe-type-c-IDiqY0s.html#ab8d1684f6;promoted"
b' Apple MacBook Pro 13 Retina MUHP2 with Touch Bar 256gb 2019';690 000 тг.;Алматы, Алмалинский район;"https://www.olx.kz/obyavlenie/noutbuk-apple-macbook-pro-13-retina-muhp2-with-touch-bar-256gb-2019-IDgFoEr.html#ab8d1684f6;promoted"
b'Macbook Pro Retina 2017';420 000 тг.;Алматы, Медеуский район;"https://www.olx.kz/obyavlenie/macbook-pro-retina-2017-IDith8U.html#ab8d1684f6;promoted"
b' MacBook Pro 13 2016';335 000 тг.;Алматы, Ауэзовский район;"https://www.olx.kz/obyavlenie/prodam-macbook-pro-13-2016-IDiE2hi.html#ab8d1684f6;promoted"
b'   Macbook Pro 15 retina';5 000 тг.;Алматы, Бостандыкский район;https://www.olx.kz/obyavlenie/zaschitnaya-plenka-dlya-macbook-pro-15-retina-IDieCbu.html#ab8d1684f6
b' macbook         ';3 000 тг.;Алматы, Жетысуский район;https://www.olx.kz/obyavlenie/ot-macbook-i-na-noutbuki-dlya-zaryadki-zaryadnye-ustroystva-bloki-pitaniya-IDhppNx.html#ab8d1684f6
b'Macbook Pro 15 2018 Touch bar 2.6GHz 6-Core i7/16GB/512GB/Radeon 560X';549 000 тг.;Алматы, Медеуский район;https://www.olx.kz/obyavlenie/macbook-pro-15-2018-touch-bar-2-6ghz-6-core-i7-16gb-512gb-radeon-560x-IDi0MsZ.html#ab8d1684f6
b'Macbook pro 15, 2015';500 000 тг.;Алматы, Алмалинский район;https://www.olx.kz/obyavlenie/macbook-pro-15-2015goda-IDiCkjJ.html#ab8d1684f6
b'Macbook air 13 2017 ';315 000 тг.;Алматы, Бостандыкский район;https://www.olx.kz/obyavlenie/macbook-air-13-2017-srochno-IDiChId.html#ab8d1684f6
b'MacBook Pro';250 000 тг.;Алматы, Медеуский район;https://www.olx.kz/obyavlenie/macbook-pro-IDidHyT.html#ab8d1684f6
b'- -  MacBook Air Pro Magsafe2 45/60/85W ';10 000 тг.;Алматы, Медеуский район;https://www.olx.kz/obyavlenie/zaryadka-blok-pitaniya-adapter-na-macbook-air-pro-magsafe2-45-60-85w-ot-IDgsHJH.html#ab8d1684f6
"b""Apple MacBook Pro 13', 2019, Space Gray""";570 000 тг.;Алматы, Алмалинский район;https://www.olx.kz/obyavlenie/apple-macbook-pro-13-2019-space-gray-IDiCdef.html#ab8d1684f6
"b'MacBook Pro 13""  SSD / '";110 000 тг.;Алматы, Медеуский район;https://www.olx.kz/obyavlenie/macbook-pro-13-s-ssd-obmen-IDgTvDq.html#ab8d1684f6
b' Mac-book          ';5 000 тг.;Алматы, Медеуский район;https://www.olx.kz/obyavlenie/dlya-mac-book-i-ot-noutbukov-na-lyubye-modeli-zaryadki-bloki-pitaniya-k-IDhq5N8.html#ab8d1684f6
b'MacBook Power Adapter -    Air, Pro mac safe, magsafe 2';6 999 тг.;Алматы, Медеуский район;https://www.olx.kz/obyavlenie/macbook-power-adapter-zaryadka-na-makbuk-air-pro-mac-safe-magsafe-2-ID9I0vx.html#ab8d1684f6
b'!!     Macbook Charger';20 000 тг.;Алматы, Медеуский район;https://www.olx.kz/obyavlenie/originalnye-zaryadnye-ustroystva-na-makbuk-macbook-charger-IDfdEoY.html#ab8d1684f6
b'     Macbook Magsafe2 45/60/85w  Apple';8 000 тг.;Алматы, Турксибский район;https://www.olx.kz/obyavlenie/zaryadki-adaptery-bloki-pitaniya-na-macbook-magsafe2-45-60-85w-ot-apple-IDgUI4O.html#ab8d1684f6
b' HP Fujitsu Sony Vaio IBM Dell  Macbook     ';2 000 тг.;Алматы, Турксибский район;https://www.olx.kz/obyavlenie/ot-hp-fujitsu-sony-vaio-ibm-dell-na-macbook-i-dr-zaryadki-bloki-pitaniya-IDgUHLu.html#ab8d1684f6
b'  macbook  magsafe   type-c    ';8 000 тг.;Алматы, Жетысуский район;https://www.olx.kz/obyavlenie/ot-makbuk-macbook-k-magsafe-i-na-type-c-zaryadki-bloki-pitaniya-raznye-IDhdust.html#ab8d1684f6
b'        macbook air pro magsafe 1/2';7 999 тг.;Алматы, Медеуский район;https://www.olx.kz/obyavlenie/bloki-pitaniya-na-makbuk-eyr-pro-zaryadka-ot-macbook-air-pro-magsafe-1-2-IDhmixg.html#ab8d1684f6
b'   Apple Macbook';5 000 тг.;Алматы, Бостандыкский район;https://www.olx.kz/obyavlenie/vinilovaya-nakleyka-dlya-apple-macbook-IDimGQh.html#ab8d1684f6
b'Ssd 512gb m2sata  macbook';75 000 тг.;Алматы, Наурызбайский район;https://www.olx.kz/obyavlenie/ssd-512gb-m2sata-na-macbook-IDiC9wB.html#ab8d1684f6
b'Macbook pro 15';525 000 тг.;Алматы, Бостандыкский район;https://www.olx.kz/obyavlenie/macbook-pro-15-IDiC8kb.html#ab8d1684f6
b'   Macbook//Asus/Lenovo   ';2 000 тг.;Алматы, Алатауский район;https://www.olx.kz/obyavlenie/sumki-dlya-noutbuka-macbook-makbuk-asus-lenovo-chehol-dlya-noutbuka-IDilrhq.html#ab8d1684f6
b'!  MacBook Pro 13,3  ,256 ';500 000 тг.;Алматы, Бостандыкский район;https://www.olx.kz/obyavlenie/srochno-prodaetsya-macbook-pro-13-3-dyuyma-256-gb-IDhcVHq.html#ab8d1684f6
b' MAC-BOOK   Air  Pro   .    ';7 999 тг.;Алматы, Медеуский район;https://www.olx.kz/obyavlenie/dlya-mac-book-ot-makbuka-air-k-pro-i-na-dr-nouty-zaryadki-bloki-pitaniya-IDhdeLc.html#ab8d1684f6
b' Macbook PRO 13 2018';550 000 тг.;Алматы, Алатауский район;https://www.olx.kz/obyavlenie/prodam-macbook-pro-13-2018goda-IDiC2S0.html#ab8d1684f6
b'     Magsafe2 Macbook 60w 16,5v 3.65A Apple';16 000 тг.;Алматы, Медеуский район;https://www.olx.kz/obyavlenie/zaryadka-adapter-blok-pitaniya-na-magsafe2-macbook-60w-16-5v-3-65a-apple-IDgsyb9.html#ab8d1684f6
b'    macbook       ';3 500 тг.;Алматы, Медеуский район;https://www.olx.kz/obyavlenie/zaryadniki-bloki-pitaniya-na-macbook-i-dlya-noutbuka-est-ot-vseh-modeley-IDhhFmh.html#ab8d1684f6
b' MacBook PRO 16/Touch/ore-i9 2.6GHz/16/1/Space Grey ';1 221 200 тг.;Алматы, Ауэзовский район;https://www.olx.kz/obyavlenie/kupit-macbook-pro-16-touch-sore-i9-2-6ghz-16-1tb-space-grey-sklad-IDiC05s.html#ab8d1684f6
"b'Apple MacBook Pro 16"" 8 Core i9 2,3 , 16Gb, 1 B SSD, Silver'";1 331 000 тг.;Алматы, Алмалинский район;https://www.olx.kz/obyavlenie/apple-macbook-pro-16-8-core-i9-2-3-ggts-16gb-1-tb-ssd-silver-IDiBZSh.html#ab8d1684f6
"b'Apple MacBook Pro 16"" 6 Core i7 2,6 , 16Gb, 512Gb Silver'";1 181 500 тг.;Алматы, Алмалинский район;https://www.olx.kz/obyavlenie/apple-macbook-pro-16-6-core-i7-2-6-ggts-16gb-512gb-silver-IDiBZRd.html#ab8d1684f6
"b'Apple MacBook Pro 16"" 6 Core i7 2,6 , 16Gb, 512Gb Space Gray'";1 181 500 тг.;Алматы, Алмалинский район;https://www.olx.kz/obyavlenie/apple-macbook-pro-16-6-core-i7-2-6-ggts-16gb-512gb-space-gray-IDiBZQD.html#ab8d1684f6
"b'Apple MacBook Pro 13"" Core i5 2,4 , 8Gb, 512Gb SSD Silver'";935 000 тг.;Алматы, Алмалинский район;https://www.olx.kz/obyavlenie/apple-macbook-pro-13-core-i5-2-4-ggts-8gb-512gb-ssd-silver-IDiBZPA.html#ab8d1684f6
"b'Apple MacBook Pro 13"" Core i5 2,4 , 8Gb, 512Gb SSD Space Gray'";935 000 тг.;Алматы, Алмалинский район;https://www.olx.kz/obyavlenie/apple-macbook-pro-13-core-i5-2-4-ggts-8gb-512gb-ssd-space-gray-IDiBZPk.html#ab8d1684f6
"b'Apple MacBook Pro 13"" Core i5 2,4 , 8Gb, 256Gb SSD Silver'";882 500 тг.;Алматы, Алмалинский район;https://www.olx.kz/obyavlenie/apple-macbook-pro-13-core-i5-2-4-ggts-8gb-256gb-ssd-silver-IDiBZOp.html#ab8d1684f6
"b'Apple MacBook Pro 13"" Core i5 2,4 , 8Gb, 256Gb SSD Space Gray'";882 500 тг.;Алматы, Алмалинский район;https://www.olx.kz/obyavlenie/apple-macbook-pro-13-core-i5-2-4-ggts-8gb-256gb-ssd-space-gray-IDiBZO3.html#ab8d1684f6
"b'Apple MacBook Air 13"" Dual-Core i5 1,6 , 8Gb, 256Gb SSD, Silver'";631 500 тг.;Алматы, Алмалинский район;https://www.olx.kz/obyavlenie/apple-macbook-air-13-dual-core-i5-1-6-ggts-8gb-256gb-ssd-silver-IDiBZGR.html#ab8d1684f6
"b'Apple MacBook Pro 13"" Core i5 1,4 , 8Gb, 256Gb SSD Silver'";737 000 тг.;Алматы, Алмалинский район;https://www.olx.kz/obyavlenie/apple-macbook-pro-13-core-i5-1-4-ggts-8gb-256gb-ssd-silver-IDiBZLH.html#ab8d1684f6
"b'Apple MacBook Pro 13"" Core i5 1,4 , 8 , 128  SSD Space Gray'";633 500 тг.;Алматы, Алмалинский район;https://www.olx.kz/obyavlenie/apple-macbook-pro-13-core-i5-1-4-ggts-8-gb-128-gb-ssd-space-gray-IDiBZKo.html#ab8d1684f6
"b'Apple MacBook Pro 13"" Core i5 1,4 , 8Gb , 128Gb SSD, Silver'";633 500 тг.;Алматы, Алмалинский район;https://www.olx.kz/obyavlenie/apple-macbook-pro-13-core-i5-1-4-ggts-8gb-128gb-ssd-silver-IDiBZKL.html#ab8d1684f6
"b'Apple MacBook Pro 13"" Core i5 1,4 , 8Gb, 256Gb SSD Space Gray'";737 000 тг.;Алматы, Алмалинский район;https://www.olx.kz/obyavlenie/apple-macbook-pro-13-core-i5-1-4-ggts-8gb-256gb-ssd-space-gray-IDiBZLp.html#ab8d1684f6
"b'Apple MacBook Air 13"" Dual-Core i5 1,6 , 8Gb, 256Gb SSD, Gold'";631 500 тг.;Алматы, Алмалинский район;https://www.olx.kz/obyavlenie/apple-macbook-air-13-dual-core-i5-1-6-ggts-8gb-256gb-ssd-gold-IDiBZAE.html#ab8d1684f6
b'MacBook Pro (15-inch, 2017)';850 000 тг.;Алматы, Бостандыкский район;"https://www.olx.kz/obyavlenie/macbook-pro-15-inch-2017-IDi53zm.html#2cf608ccb3;promoted"
b' Mac-Book     Air Pro   magsafe type-c';5 999 тг.;Алматы, Медеуский район;"https://www.olx.kz/obyavlenie/ot-mac-book-zaryadki-bloki-pitaniya-dlya-air-pro-makbuka-k-magsafe-type-c-IDiqY0s.html#2cf608ccb3;promoted"
b' Apple MacBook Pro 13 Retina MUHP2 with Touch Bar 256gb 2019';690 000 тг.;Алматы, Алмалинский район;"https://www.olx.kz/obyavlenie/noutbuk-apple-macbook-pro-13-retina-muhp2-with-touch-bar-256gb-2019-IDgFoEr.html#2cf608ccb3;promoted"
b' MacBook Pro 13 2016';335 000 тг.;Алматы, Ауэзовский район;"https://www.olx.kz/obyavlenie/prodam-macbook-pro-13-2016-IDiE2hi.html#2cf608ccb3;promoted"
b' MacBook        Air Pro  ';6 000 тг.;Алматы, Медеуский район;"https://www.olx.kz/obyavlenie/ot-macbook-na-lyubye-modeli-zaryadki-bloki-pitaniya-dlya-air-pro-makbuka-k-IDi3KOe.html#2cf608ccb3;promoted"
"b'Apple MacBook Air 13"" Dual-Core i5, 8Gb, 256Gb SSD, Space Gray'";631 500 тг.;Алматы, Алмалинский район;https://www.olx.kz/obyavlenie/apple-macbook-air-13-dual-core-i5-8gb-256gb-ssd-space-gray-IDiBZzL.html#2cf608ccb3
"b'Apple MacBook Air 13"" Dual-Core i5 1,6 , 8Gb, 128Gb SSD, Silver'";530 500 тг.;Алматы, Алмалинский район;https://www.olx.kz/obyavlenie/apple-macbook-air-13-dual-core-i5-1-6-ggts-8gb-128gb-ssd-silver-IDiBZyg.html#2cf608ccb3
"b'Apple MacBook Air 13"" Dual-Core i5, 8Gb, 128Gb SSD, Gold'";530 500 тг.;Алматы, Алмалинский район;https://www.olx.kz/obyavlenie/apple-macbook-air-13-dual-core-i5-8gb-128gb-ssd-gold-IDiBZxa.html#2cf608ccb3
"b'Apple MacBook Air 13"" Dual-Core i5, 8Gb, 128Gb SSD, Space Gray'";530 500 тг.;Алматы, Алмалинский район;https://www.olx.kz/obyavlenie/apple-macbook-air-13-dual-core-i5-8gb-128gb-ssd-space-gray-IDiBZwY.html#2cf608ccb3
b'MacBook Pro';95 000 тг.;Алматы, Медеуский район;https://www.olx.kz/obyavlenie/macbook-pro-IDiespW.html#2cf608ccb3
b'macbook pro 15 ';4 000 тг.;Алматы, Медеуский район;https://www.olx.kz/obyavlenie/macbook-pro-15-podstavka-IDhJkph.html#2cf608ccb3
b'Macbook air A1466  ';15 000 тг.;Алматы, Алмалинский район;https://www.olx.kz/obyavlenie/macbook-air-a1466-na-zapchasti-IDhxc53.html#2cf608ccb3
"b'Apple MacBook 12"" Retina 512 gb SSD '";320 000 тг.;Алматы, Бостандыкский район;https://www.olx.kz/obyavlenie/apple-macbook-12-retina-512-gb-ssd-makbuk-IDic8ZX.html#2cf608ccb3
b' Macbook Air 13 2015   ';230 000 тг.;Алматы, Бостандыкский район;https://www.olx.kz/obyavlenie/prodam-macbook-air-13-2015-po-luchshey-tsene-IDiBTX5.html#2cf608ccb3
b' Thunderbolt  HDMI  Apple Macbook Pro/Air';5 000 тг.;Алматы, Алмалинский район;https://www.olx.kz/obyavlenie/adapter-thunderbolt-dlya-hdmi-dlya-apple-macbook-pro-air-IDaJxMs.html#2cf608ccb3
b'MacBook Air, Pro. ,    .';9 500 тг.;Алматы, Ауэзовский район;https://www.olx.kz/obyavlenie/macbook-air-pro-akkumulyatory-batarei-na-lyubye-modeli-IDhn4Qy.html#2cf608ccb3
b' MAC-BOOK   Air/Pro     ';7 999 тг.;Алматы, Жетысуский район;https://www.olx.kz/obyavlenie/ot-mac-book-zaryadka-na-air-pro-zaryadnoe-ustroystvo-blok-pitaniya-dlya-IDhlNUW.html#2cf608ccb3
b' MacBook Pro 2017 13-inch 256 SSD Space Gray';420 000 тг.;Алматы, Алмалинский район;https://www.olx.kz/obyavlenie/noutbuk-macbook-pro-2017-13-inch-256-ssd-space-gray-IDiw6M1.html#2cf608ccb3
"b'MacBook Pro ""13 2010'";70 000 тг.;Алматы, Наурызбайский район;https://www.olx.kz/obyavlenie/macbook-pro-13-2010-IDiwbAq.html#2cf608ccb3
b'MacBook pro 17';45 000 тг.;Алматы, Медеуский район;https://www.olx.kz/obyavlenie/macbook-pro-17-IDhViUe.html#2cf608ccb3
b'MacBook Pro 13, Retina, MF841LL/A';550 000 тг.;Алматы, Ауэзовский район;https://www.olx.kz/obyavlenie/macbook-pro-13-retina-mf841ll-a-IDiuTc7.html#2cf608ccb3
"b'   MacBook pro 15""'";3 500 тг.;Алматы, Алмалинский район;https://www.olx.kz/obyavlenie/prodam-chehol-na-macbook-pro-15-IDiBI4w.html#2cf608ccb3
b'Macbook Pro 13.3, 2018 .  .';699 970 тг.;Алматы, Алмалинский район;https://www.olx.kz/obyavlenie/macbook-pro-13-3-2018-goda-pochti-novyy-IDiuPKW.html#2cf608ccb3
b'USB-C   MacBook';10 000 тг.;Алматы, Жетысуский район;https://www.olx.kz/obyavlenie/usb-c-hab-dlya-macbook-IDgfeYo.html#2cf608ccb3
b'USB-C/Type-C /  Macbook 2016-17 ';12 000 тг.;Алматы, Алмалинский район;https://www.olx.kz/obyavlenie/usb-c-type-c-adaptery-kontsentratory-dlya-macbook-2016-17-novye-IDevGxK.html#2cf608ccb3
b'MacBook Air, Pro. ,    .';9 500 тг.;Алматы, Ауэзовский район;https://www.olx.kz/obyavlenie/macbook-air-pro-akkumulyatory-batarei-na-lyubye-modeli-IDhzvOf.html#2cf608ccb3
b'   macbook   magsafe 1/2    Apple';8 000 тг.;Алматы, Медеуский район;https://www.olx.kz/obyavlenie/na-makbuk-ot-macbook-s-razemom-magsafe-1-2-zaryadka-blok-pitaniya-apple-IDh3er3.html#2cf608ccb3
b'Apple MacBook Pro 2018 with Touch Bar';900 000 тг.;Алматы, Алмалинский район;https://www.olx.kz/obyavlenie/apple-macbook-pro-2018-with-touch-bar-IDiBAnM.html#2cf608ccb3
b' Apple MacBook Pro 15 Mid 2010';240 000 тг.;Алматы, Алатауский район;https://www.olx.kz/obyavlenie/noutbuk-apple-macbook-pro-15-mid-2010-IDfMk1i.html#2cf608ccb3
b' MACbook';150 000 тг.;Алматы, Турксибский район;https://www.olx.kz/obyavlenie/prodam-macbook-IDcSfJi.html#2cf608ccb3
b'Apple Macbook Air 13 2019. .  ';477 000 тг.;Алматы, Медеуский район;https://www.olx.kz/obyavlenie/apple-macbook-air-13-2019-novyy-net-torga-IDiBvco.html#2cf608ccb3
b'   Mac-Book Air Pro  45-60-85W  - Magsafe2';8 000 тг.;Алматы, Медеуский район;https://www.olx.kz/obyavlenie/adapter-zaryadka-dlya-mac-book-air-pro-na-45-60-85w-ot-mak-buka-magsafe2-IDgSE2S.html#2cf608ccb3
b'MacBook Pro 13 Late 2013  ';110 000 тг.;Алматы, Ауэзовский район;https://www.olx.kz/obyavlenie/macbook-pro-13-late-2013-displey-razbit-IDiBqrn.html#2cf608ccb3
b'MacBook Air 13';400 000 тг.;Алматы, Бостандыкский район;https://www.olx.kz/obyavlenie/macbook-air-13-IDiqoyE.html#2cf608ccb3
b' 6 .   . MacBook Air, Pro.';9 200 тг.;Алматы, Ауэзовский район;https://www.olx.kz/obyavlenie/garantiya-6-mes-dostavka-i-ustanovka-macbook-air-pro-IDhmNbu.html#2cf608ccb3
b' macbook  macbook 11 air pro 13.3 pro 15.4   12';4 000 тг.;Алматы, Бостандыкский район;https://www.olx.kz/obyavlenie/chehol-macbook-zaryadka-macbook-11-air-pro-13-3-pro-15-4-chehol-makbuk-12-IDiBi6T.html#2cf608ccb3
b'Caddy Optibay  Macbook  HDD  SSD';3 500 тг.;Алматы, Медеуский район;https://www.olx.kz/obyavlenie/caddy-optibay-na-macbook-dlya-hdd-ili-ssd-IDfCLzk.html#2cf608ccb3
b' DP Mini  HDMI  MacBook. ';1 700 тг.;Алматы, Алмалинский район;https://www.olx.kz/obyavlenie/perehodnik-dp-mini-na-hdmi-dlya-macbook-almaty-IDiaF46.html#2cf608ccb3
b'MacBook Pro 13 retina/256gb';350 000 тг.;Алматы, Алатауский район;https://www.olx.kz/obyavlenie/macbook-pro-13-retina-256gb-IDitiAm.html#2cf608ccb3
b'MacBook 12';480 000 тг.;Алматы, Жетысуский район;https://www.olx.kz/obyavlenie/macbook-12dyum-IDiB71e.html#2cf608ccb3
b'Apple Macbook pro 2011';100 000 тг.;Алматы, Ауэзовский район;https://www.olx.kz/obyavlenie/apple-macbook-pro-2011-IDiB6QF.html#2cf608ccb3
b'MacBook Pro 13 (  2019)';480 000 тг.;Алматы, Медеуский район;https://www.olx.kz/obyavlenie/macbook-pro-13-kuplen-v-2019-IDincw4.html#2cf608ccb3
b'Apple Macbook Pro 13 2015 2,7/8/128.   ';310 000 тг.;Алматы, Медеуский район;https://www.olx.kz/obyavlenie/apple-macbook-pro-13-2015-2-7-8-128-v-otlichnom-sostoyanii-IDiB4nH.html#2cf608ccb3
b'  , Macbook pro   7';Обмен;Алматы, Бостандыкский район;https://www.olx.kz/obyavlenie/obmen-na-mototsikl-macbook-pro-i-ayfon-7-IDiB2c6.html#2cf608ccb3
b' Mac-Book     Air Pro   magsafe type-c';5 999 тг.;Алматы, Медеуский район;"https://www.olx.kz/obyavlenie/ot-mac-book-zaryadki-bloki-pitaniya-dlya-air-pro-makbuka-k-magsafe-type-c-IDiqY0s.html#591c6308ce;promoted"
b' Apple MacBook Pro 13 Retina MUHP2 with Touch Bar 256gb 2019';690 000 тг.;Алматы, Алмалинский район;"https://www.olx.kz/obyavlenie/noutbuk-apple-macbook-pro-13-retina-muhp2-with-touch-bar-256gb-2019-IDgFoEr.html#591c6308ce;promoted"
b'Macbook Pro Retina 2017';420 000 тг.;Алматы, Медеуский район;"https://www.olx.kz/obyavlenie/macbook-pro-retina-2017-IDith8U.html#591c6308ce;promoted"
b' MacBook Pro 13 2016';335 000 тг.;Алматы, Ауэзовский район;"https://www.olx.kz/obyavlenie/prodam-macbook-pro-13-2016-IDiE2hi.html#591c6308ce;promoted"
b' MacBook        Air Pro  ';6 000 тг.;Алматы, Медеуский район;"https://www.olx.kz/obyavlenie/ot-macbook-na-lyubye-modeli-zaryadki-bloki-pitaniya-dlya-air-pro-makbuka-k-IDi3KOe.html#591c6308ce;promoted"
b'-  MacBook Pro 2019 c USB-C';52 000 тг.;Алматы, Алмалинский район;https://www.olx.kz/obyavlenie/dok-stantsiya-dlya-macbook-pro-2019-c-usb-c-IDahO4M.html#591c6308ce
b'Macbook air13 A1304';40 000 тг.;Алматы, Алмалинский район;https://www.olx.kz/obyavlenie/macbook-air13-a1304-IDic46G.html#591c6308ce
b'  MacBook Pro 13 A1502';40 000 тг.;Алматы, Алатауский район;https://www.olx.kz/obyavlenie/akkumulyator-na-macbook-pro-13-a1502-ID8Hsy6.html#591c6308ce
b' MacBook Air Pro magsafe type-c      ';7 999 тг.;Алматы, Жетысуский район;https://www.olx.kz/obyavlenie/dlya-macbook-air-pro-magsafe-type-c-zaryadki-bloki-pitaniya-na-makbuki-ot-IDi3uzJ.html#591c6308ce
b' MACBOOK  Air   Pro      ';8 000 тг.;Алматы, Медеуский район;https://www.olx.kz/obyavlenie/k-macbook-dlya-air-i-na-pro-zaryadnik-blok-pitaniya-ot-makbuka-zaryadka-IDh23f7.html#591c6308ce
b'MacBook Pro 13';500 000 тг.;Алматы, Алатауский район;https://www.olx.kz/obyavlenie/macbook-pro-13-IDiAUvq.html#591c6308ce
"b' Apple Macbook 13"" A1237  (2008)'";40 000 тг.;Алматы, Алатауский район;https://www.olx.kz/obyavlenie/prodam-apple-macbook-13-a1237-model-2008god-IDikRvC.html#591c6308ce
b' MACBOOK  Air  Pro       ';8 000 тг.;Алматы, Медеуский район;https://www.olx.kz/obyavlenie/dlya-macbook-na-air-k-pro-zaryadka-blok-pitaniya-ot-makbuka-v-almaty-IDh1QGC.html#591c6308ce
b' MAC-BOOK Air Pro       ';8 000 тг.;Алматы, Алатауский район;https://www.olx.kz/obyavlenie/ot-mac-book-air-pro-zaryadnoe-ustroystvo-blok-pitaniya-zaryadka-na-makbuk-IDh1oH2.html#591c6308ce
b'  macbook       ';8 000 тг.;Алматы, Медеуский район;https://www.olx.kz/obyavlenie/na-makbuk-macbook-k-noutbuku-zaryadki-bloki-pitaniya-zaryadnoe-ustroystvo-IDh1LyV.html#591c6308ce
b'DC  MagSafe, MagSafe 2 Apple Macbook';4 300 тг.;Алматы, Бостандыкский район;https://www.olx.kz/obyavlenie/dc-kabel-magsafe-magsafe-2-apple-macbook-IDi40uR.html#591c6308ce
b'     MacBook  60W  APPLE  ';8 000 тг.;Алматы, Медеуский район;https://www.olx.kz/obyavlenie/adapter-zaryadka-blok-pitaniya-dlya-macbook-na-60w-ot-apple-k-makbuku-IDgzyye.html#591c6308ce
b' Macbook Air 11 , 2010 .';99 000 тг.;Алматы, Бостандыкский район;https://www.olx.kz/obyavlenie/prodam-macbook-air-11-2010-god-IDi9YFi.html#591c6308ce
b' en macbook 12 (2015) ';2 000 тг.;Алматы, Алатауский район;https://www.olx.kz/obyavlenie/knopki-en-macbook-12-2015-poshtuchno-IDhV8px.html#591c6308ce
b'm2 Macbook air 11 2012  64gb';5 000 тг.;Алматы, Алатауский район;https://www.olx.kz/obyavlenie/m2-macbook-air-11-2012-god-64gb-IDhXX2r.html#591c6308ce
b'    MacBook Pro retina 13,15  16 .';14 990 тг.;Алматы, Медеуский район;https://www.olx.kz/obyavlenie/zaschitnaya-plenka-dlya-displeya-macbook-pro-retina-13-15-i-16-diagonaley-IDiAKQH.html#591c6308ce
b'  Macbook 11/12/13/15   ';5 000 тг.;Алматы, Алмалинский район;https://www.olx.kz/obyavlenie/chehol-dlya-macbook-11-12-13-15-dyuymov-vse-modeli-ID5hu5f.html#591c6308ce
b'        macbook ';7 999 тг.;Алматы, Медеуский район;https://www.olx.kz/obyavlenie/ot-makbukov-zaryadnye-ustroystva-bloki-pitaniya-adaptery-na-macbook-dlya-IDh1tXp.html#591c6308ce
b'  MacBook Air-1237      ';35 000 тг.;Алматы, Алмалинский район;https://www.olx.kz/obyavlenie/na-zapchasti-macbook-air-1237-rabochiy-bloka-pitaniya-i-batareyki-net-IDc2V4U.html#591c6308ce
b' MacBook Pro';200 000 тг.;Алматы, Ауэзовский район;https://www.olx.kz/obyavlenie/prodayu-macbook-pro-IDitcaQ.html#591c6308ce
b' Mac-Book           ';8 000 тг.;Алматы, Алатауский район;https://www.olx.kz/obyavlenie/ot-mac-book-lyubyh-modeley-i-na-dr-nouty-raznye-zaryadki-bloki-pitaniya-k-IDgIivU.html#591c6308ce
b'Macbook Pro 15 / 2018 2.6GHz 6-Core i7/16GB/512GB/Radeon PRO 560X';839 990 тг.;Алматы, Медеуский район;https://www.olx.kz/obyavlenie/macbook-pro-15-2018-2-6ghz-6-core-i7-16gb-512gb-radeon-pro-560x-IDhLeI9.html#591c6308ce
b' Apple MacBook Pro 13, Retina, MF841LL/A, 512Gb, 2015';400 000 тг.;Алматы, Алмалинский район;https://www.olx.kz/obyavlenie/noutbuk-apple-macbook-pro-13-retina-mf841ll-a-512gb-2015g-IDiAupT.html#591c6308ce
b' Macbook         ';3 000 тг.;Алматы, Медеуский район;https://www.olx.kz/obyavlenie/k-macbook-dlya-noutbukov-na-vse-modeli-zaryadki-bloki-pitaniya-adaptery-IDhjDwG.html#591c6308ce
b'Apple MacBook Air Retina 13.3 ( 2019)';550 000 тг.;Алматы, Медеуский район;https://www.olx.kz/obyavlenie/apple-macbook-air-retina-13-3-seredina-2019-IDiAqaf.html#591c6308ce
b' MacBook        Air Pro  ';6 000 тг.;Алматы, Медеуский район;"https://www.olx.kz/obyavlenie/ot-macbook-na-lyubye-modeli-zaryadki-bloki-pitaniya-dlya-air-pro-makbuka-k-IDi3KOe.html#591c6308ce;promoted"
b' Apple MacBook Pro A1706 / A1708    ';17 000 тг.;Алматы, Алмалинский район;https://www.olx.kz/obyavlenie/displey-apple-macbook-pro-a1706-a1708-displey-novyy-v-sbore-IDibgrX.html#591c6308ce
b' Apple MacBook Pro 16 Late 2019 2.4/32/2tb/8gb amd 5500m';1 960 000 тг.;Алматы, Алмалинский район;https://www.olx.kz/obyavlenie/noutbuk-apple-macbook-pro-16dyuymov-late-2019-2-4-32-2tb-8gb-amd-5500m-IDinlR6.html#591c6308ce
b' Macbook  magsafe 1  2 (45/60/85w)     ';6 000 тг.;Алматы, Алатауский район;https://www.olx.kz/obyavlenie/ot-macbook-dlya-magsafe-1-i-2-45-60-85w-zaryadka-blok-pitaniya-k-makbuk-IDh8wdk.html#591c6308ce
